USE `OfferWatchDB`;

INSERT INTO Institution (InstitutionName, InstitutionType, Status) VALUES
('Northeastern University', 'Private', 'Active'),
('Boston University', 'Private', 'Active'),
('Duke University', 'Private', 'Active'),
('MIT', 'Private', 'Active'),
('Harvard University', 'Private', 'Active'),
('Stanford University', 'Private', 'Active'),
('University of Alberta', 'Public', 'Active'),
('University of Toronto', 'Public', 'Active'),
('McGill University', 'Public', 'Active'),
('New York University', 'Private', 'Active');

INSERT INTO Role (RoleName, RoleDescription) VALUES
('Student', 'Job seeker using the platform'),
('Advisor', 'Career advisor helping students'),
('Recruiter', 'Company recruiter managing candidates'),
('Admin', 'System administrator managing the platform');


INSERT INTO Permission (PermissionName, PermissionDescription) VALUES
('VIEW_ALL_STUDENTS', 'Can view all student data'),
('EDIT_APPLICATIONS', 'Can modify job applications'),
('MANAGE_USERS', 'Can add/update/deactivate users'),
('VIEW_SYSTEM_LOGS', 'Can view platform logs and health metrics');

INSERT INTO Role_Permission (RoleID, PermissionID) VALUES
(2, 1),
(2, 2),
(3, 2),
(4, 3),
(4, 4);

INSERT INTO Major (MajorName) VALUES
('Computer Science'),
('Finance'),
('Business Administration'),
('Data Science'),
('Mechanical Engineering'),
('Electrical Engineering'),
('Information Systems'),
('Economics'),
('Mathematics'),
('Psychology'),
('Marketing'),
('Accounting'),
('Biology'),
('Chemistry'),
('Political Science');

INSERT INTO Industry (Title) VALUES
('Technology'),
('Finance'),
('Healthcare'),
('Consulting'),
('Education'),
('Government'),
('Retail'),
('Manufacturing'),
('Media & Entertainment'),
('Real Estate'),
('Transportation'),
('Energy');


INSERT INTO `User` (FirstName, LastName, Email, RoleID, InstitutionID, Created_At, Account_Status) VALUES
('Alex', 'Chen', 'alex.chen@northeastern.edu', 1, 1, '2026-01-15 10:00:00', 'Active'),
('Maria', 'Patel', 'maria.patel@northeastern.edu', 2, 1, '2026-01-10 09:00:00', 'Active'),
('John', 'Smith', 'john.smith@google.com', 3, 1, '2026-02-01 08:00:00', 'Active'),
('Evan', 'Carter', 'evan.carter@offerwatch.com', 4, 1, '2026-01-05 08:30:00', 'Active'),
('Jordan', 'Lee', 'jordan.lee@northeastern.edu', 1, 1, '2026-01-16 10:00:00', 'Active'),
('Priya', 'Sharma', 'priya.sharma@northeastern.edu', 1, 1, '2026-01-17 10:00:00', 'Active'),
('Marcus', 'Johnson', 'marcus.johnson@bu.edu', 1, 2, '2026-01-18 10:00:00', 'Active'),
('Sophie', 'Williams', 'sophie.williams@bu.edu', 1, 2, '2026-01-19 10:00:00', 'Active'),
('Ethan', 'Brown', 'ethan.brown@duke.edu', 1, 3, '2026-01-20 10:00:00', 'Active'),
('Isabella', 'Davis', 'isabella.davis@mit.edu', 1, 4, '2026-01-21 10:00:00', 'Active'),
('Liam', 'Wilson', 'liam.wilson@mit.edu', 1, 4, '2026-01-22 10:00:00', 'Active'),
('Olivia', 'Martinez', 'olivia.martinez@harvard.edu', 1, 5, '2026-01-23 10:00:00', 'Active'),
('Noah', 'Anderson', 'noah.anderson@stanford.edu', 1, 6, '2026-01-24 10:00:00', 'Active'),
('Emma', 'Taylor', 'emma.taylor@stanford.edu', 1, 6, '2026-01-25 10:00:00', 'Active'),
('Aiden', 'Thomas', 'aiden.thomas@umich.edu', 1, 7, '2026-01-26 10:00:00', 'Active'),
('Ava', 'Jackson', 'ava.jackson@umich.edu', 1, 7, '2026-01-27 10:00:00', 'Active'),
('Lucas', 'White', 'lucas.white@gatech.edu', 1, 8, '2026-01-28 10:00:00', 'Active'),
('Mia', 'Harris', 'mia.harris@gatech.edu', 1, 8, '2026-01-29 10:00:00', 'Active'),
('Mason', 'Clark', 'mason.clark@cmu.edu', 1, 9, '2026-01-30 10:00:00', 'Active'),
('Charlotte', 'Lewis', 'charlotte.lewis@cmu.edu', 1, 9, '2026-01-31 10:00:00', 'Active'),
('Elijah', 'Robinson', 'elijah.robinson@northeastern.edu', 1, 1, '2026-02-01 10:00:00', 'Active'),
('Amelia', 'Walker', 'amelia.walker@northeastern.edu', 1, 1, '2026-02-02 10:00:00', 'Active'),
('James', 'Hall', 'james.hall@bu.edu', 1, 2, '2026-02-03 10:00:00', 'Active'),
('Harper', 'Allen', 'harper.allen@bu.edu', 1, 2, '2026-02-04 10:00:00', 'Active'),
('Daniel', 'Young', 'daniel.young@northeastern.edu', 2, 1, '2026-01-08 09:00:00', 'Active'),
('Rachel', 'King', 'rachel.king@bu.edu', 2, 2, '2026-01-09 09:00:00', 'Active'),
('Kevin', 'Wright', 'kevin.wright@duke.edu', 2, 3, '2026-01-10 09:00:00', 'Active'),
('Laura', 'Scott', 'laura.scott@mit.edu', 2, 4, '2026-01-11 09:00:00', 'Active'),
('Brian', 'Green', 'brian.green@stanford.edu', 2, 6, '2026-01-12 09:00:00', 'Active'),
('Sarah', 'Baker', 'sarah.baker@amazon.com', 3, 1, '2026-02-05 08:00:00', 'Active'),
('Michael', 'Adams', 'michael.adams@google.com', 3, 1, '2026-02-06 08:00:00', 'Active'),
('Jessica', 'Nelson', 'jessica.nelson@microsoft.com', 3, 1, '2026-02-07 08:00:00', 'Active'),
('David', 'Carter', 'david.carter@meta.com', 3, 1, '2026-02-08 08:00:00', 'Active'),
('Ashley', 'Mitchell', 'ashley.mitchell@apple.com', 3, 1, '2026-02-09 08:00:00', 'Active'),
('Steph', 'Curry', 'steph.curry@gmail.com', 3, 1, '2026-02-10 08:00:00', 'Active'),
('Amanda', 'Roberts', 'amanda.roberts@goldman.com', 3, 1, '2026-02-11 08:00:00', 'Active'),
('Ryan', 'Turner', 'ryan.turner@deloitte.com', 3, 1, '2026-02-12 08:00:00', 'Active');

INSERT INTO Advisor (UserID) VALUES
(2),
(25),
(26),
(27),
(28),
(29);

INSERT INTO Recruiter (UserID) VALUES
(3),
(30),
(31),
(32),
(33),
(34),
(35),
(36),
(37);

INSERT INTO Student (UserID, Year, MajorID, GPA, NumApplications, LastActivityDate, AdvisorID) VALUES
(1, 2026, 1, 3.75, 2, '2026-03-15 10:00:00', 1),
(5, 2026, 1, 3.80, 15, '2026-04-10 10:00:00', 1),
(6, 2026, 4, 3.65, 22, '2026-04-11 10:00:00', 1),
(7, 2027, 2, 3.50, 10, '2026-04-09 10:00:00', 2),
(8, 2027, 3, 3.70, 18, '2026-04-08 10:00:00', 2),
(9, 2026, 1, 3.90, 30, '2026-04-12 10:00:00', 3),
(10, 2025, 5, 3.40, 8, '2026-04-07 10:00:00', 3),
(11, 2026, 1, 3.75, 20, '2026-04-10 10:00:00', 4),
(12, 2028, 6, 3.55, 5, '2026-04-06 10:00:00', 4),
(13, 2026, 2, 3.60, 12, '2026-04-11 10:00:00', 5),
(14, 2027, 4, 3.85, 25, '2026-04-12 10:00:00', 5),
(15, 2026, 1, 3.70, 17, '2026-04-09 10:00:00', 6),
(16, 2027, 3, 3.45, 9, '2026-04-08 10:00:00', 6),
(17, 2026, 5, 3.80, 21, '2026-04-10 10:00:00', 1),
(18, 2025, 2, 3.55, 14, '2026-04-07 10:00:00', 2),
(19, 2026, 1, 3.95, 28, '2026-04-12 10:00:00', 3),
(20, 2028, 7, 3.30, 3, '2026-03-20 10:00:00', 4),
(21, 2026, 4, 3.65, 16, '2026-04-11 10:00:00', 5),
(22, 2027, 1, 3.75, 19, '2026-04-10 10:00:00', 6),
(23, 2026, 3, 3.50, 11, '2026-04-09 10:00:00', 1),
(24, 2025, 5, 3.85, 24, '2026-04-12 10:00:00', 2);

INSERT INTO Student_Industry (StudentID, IndustryID, PreferenceRank) VALUES
(1,1,1),
(1,2,2),
(1,3,3),
(1,4,4),
(1,5,5),
(2,1,1),
(2,4,2),
(2,3,3),
(2,5,4),
(2,6,5),
(3,1,1),
(3,2,2),
(3,4,3),
(4,2,1),
(4,3,2),
(4,1,3),
(4,4,4),
(4,5,5),
(5,1,1),
(5,3,2),
(5,2,3),
(5,4,4),
(6,1,1),
(6,2,2),
(6,4,3),
(6,5,4),
(6,6,5),
(7,1,1),
(7,3,2),
(7,5,3),
(7,2,4),
(7,4,5),
(8,2,1),
(8,1,2),
(8,3,3),
(8,4,4),
(9,1,1),
(9,2,2),
(9,3,3),
(9,4,4),
(9,5,5),
(9,6,6),
(10,2,1),
(10,4,2),
(10,1,3),
(10,3,4),
(10,5,5),
(11,1,1),
(11,3,2),
(11,2,3),
(11,4,4),
(12,5,1),
(12,6,2),
(12,1,3),
(12,2,4),
(12,3,5),
(13,1,1),
(13,4,2),
(13,2,3),
(13,3,4),
(13,5,5),
(14,1,1),
(14,2,2),
(14,3,3),
(14,4,4),
(15,1,1),
(15,3,2),
(15,4,3),
(15,2,4),
(15,5,5),
(16,3,1),
(16,1,2),
(16,2,3),
(16,4,4),
(17,2,1),
(17,4,2),
(17,1,3),
(17,3,4),
(17,5,5),
(18,1,1),
(18,5,2),
(18,2,3),
(18,3,4),
(19,1,1),
(19,2,2),
(19,3,3),
(19,4,4),
(19,5,5),
(20,6,1),
(20,7,2),
(20,1,3),
(21,1,1),
(21,4,2),
(21,2,3),
(21,3,4),
(21,5,5);

INSERT INTO Employer (IndustryID, Name, Location, Size, RecruitingStatus, MinGPA) VALUES
(1,'Google','Mountain View, CA', 'Large', 'Active', 3.50),
(2,'Goldman Sachs', 'New York, NY', 'Large', 'Active', 3.70),
(1,'Microsoft', 'Redmond, WA', 'Large', 'Active', 3.40),
(1,'Amazon', 'Seattle, WA', 'Large', 'Active', 3.40),
(1,'Meta', 'Menlo Park, CA', 'Large', 'Active', 3.50),
(1,'Apple', 'Cupertino, CA', 'Large', 'Active', 3.50),
(1,'Netflix', 'Los Gatos, CA', 'Large', 'Active', 3.30),
(1,'Salesforce', 'San Francisco, CA', 'Large', 'Active', 3.20),
(1,'Oracle', 'Austin, TX', 'Large', 'Active', 3.20),
(1,'IBM', 'Armonk, NY', 'Large', 'Active', 3.00),
(1,'Stripe', 'San Francisco, CA', 'Medium','Active', 3.50),
(1,'Palantir', 'Denver, CO', 'Medium','Active', 3.70),
(1,'Databricks', 'San Francisco, CA', 'Medium','Active', 3.60),
(2,'JPMorgan Chase', 'New York, NY', 'Large', 'Active', 3.70),
(2,'Morgan Stanley', 'New York, NY', 'Large', 'Active', 3.60),
(2,'BlackRock', 'New York, NY', 'Large', 'Active', 3.50),
(2,'Fidelity', 'Boston, MA', 'Large', 'Active', 3.40),
(2,'Charles Schwab', 'Westlake, TX', 'Large', 'Active', 3.30),
(3,'Johnson & Johnson', 'New Brunswick, NJ', 'Large', 'Active', 3.40),
(3,'Pfizer', 'New York, NY', 'Large', 'Active', 3.50),
(3,'UnitedHealth Group','Minnetonka, MN', 'Large', 'Active', 3.30),
(3,'CVS Health', 'Woonsocket, RI', 'Large', 'Active', 3.20),
(4,'McKinsey & Company','New York, NY', 'Large', 'Active', 3.80),
(4,'Boston Consulting', 'Boston, MA', 'Large', 'Active', 3.70),
(4,'Deloitte', 'New York, NY', 'Large', 'Active', 3.50),
(4,'Accenture', 'Dublin, Ireland', 'Large', 'Active', 3.30),
(4,'Bain & Company', 'Boston, MA', 'Medium','Active', 3.80),
(5,'Harvard University','Cambridge, MA', 'Large', 'Active', 3.50),
(5,'MIT', 'Cambridge, MA', 'Large', 'Active', 3.70),
(6,'Federal Reserve', 'Washington, DC', 'Large', 'Active', 3.60),
(7,'Walmart', 'Bentonville, AR', 'Large', 'Active', 3.00),
(7,'Target', 'Minneapolis, MN', 'Large', 'Active', 3.10),
(8,'Boeing', 'Arlington, VA', 'Large', 'Active', 3.40),
(9,'Disney', 'Burbank, CA', 'Large', 'Active', 3.20),
(1,'Tesla', 'Austin, TX', 'Large', 'Active', 3.50);

INSERT INTO `Position` (EmployerID, Title) VALUES
(1, 'Software Engineer Intern'),
(2, 'Financial Analyst Intern'),
(3, 'Program Manager Intern'),
(4, 'Software Engineer Intern'),
(4, 'Data Engineer Intern'),
(5, 'Software Engineer Intern'),
(5, 'Product Manager Intern'),
(6, 'iOS Engineer Intern'),
(6, 'Hardware Engineer Intern'),
(7, 'Software Engineer Intern'),
(8, 'Software Engineer Intern'),
(9, 'Software Engineer Intern'),
(10,'Data Scientist Intern'),
(11,'Backend Engineer Intern'),
(12,'Software Engineer Intern'),
(13,'Data Engineer Intern'),
(14,'Investment Banking Analyst'),
(14,'Software Engineer Intern'),
(15,'Financial Analyst Intern'),
(16,'Portfolio Analyst Intern'),
(17,'Financial Analyst Intern'),
(18,'Brokerage Operations Intern'),
(19,'Data Analyst Intern'),
(20,'Research Analyst Intern'),
(23,'Business Analyst Intern'),
(24,'Strategy Consultant Intern'),
(25,'Technology Consultant Intern'),
(26,'Business Analyst Intern'),
(27,'Associate Consultant Intern'),
(28,'Research Assistant'),
(29,'Research Assistant'),
(33,'Aerospace Engineer Intern'),
(34,'Entertainment Analyst Intern'),
(35,'Mechanical Engineer Intern'),
(30,'Economic Research Intern');

INSERT INTO Resume (StudentID, Version, InterviewConversionRate, DateSubmitted) VALUES
(1, 1, 20.50, '2026-01-15 10:00:00'),
(1, 2, 25.00, '2026-02-10 14:30:00'),
(1, 3, 30.00, '2026-03-01 10:00:00'),
(2, 1, 18.00, '2026-01-20 10:00:00'),
(2, 2, 22.00, '2026-02-15 10:00:00'),
(3, 1, 15.00, '2026-01-22 10:00:00'),
(4, 1, 20.00, '2026-01-25 10:00:00'),
(4, 2, 28.00, '2026-02-20 10:00:00'),
(5, 1, 35.00, '2026-01-18 10:00:00'),
(5, 2, 40.00, '2026-02-10 10:00:00'),
(6, 1, 12.00, '2026-01-28 10:00:00'),
(7, 1, 25.00, '2026-01-30 10:00:00'),
(7, 2, 30.00, '2026-02-25 10:00:00'),
(8, 1, 18.00, '2026-02-01 10:00:00'),
(9, 1, 38.00, '2026-01-15 10:00:00'),
(9, 2, 42.00, '2026-02-05 10:00:00'),
(10,1, 10.00, '2026-02-03 10:00:00'),
(11,1, 28.00, '2026-01-20 10:00:00'),
(11,2, 32.00, '2026-02-18 10:00:00'),
(12,1, 8.00,  '2026-02-05 10:00:00'),
(13,1, 20.00, '2026-01-25 10:00:00'),
(14,1, 30.00, '2026-01-22 10:00:00'),
(14,2, 35.00, '2026-02-22 10:00:00'),
(15,1, 22.00, '2026-01-28 10:00:00'),
(16,1, 14.00, '2026-02-02 10:00:00'),
(17,1, 25.00, '2026-01-20 10:00:00'),
(17,2, 30.00, '2026-02-16 10:00:00'),
(18,1, 18.00, '2026-02-04 10:00:00'),
(19,1, 40.00, '2026-01-16 10:00:00'),
(19,2, 45.00, '2026-02-08 10:00:00'),
(20,1, 5.00,  '2026-02-10 10:00:00'),
(21,1, 22.00, '2026-01-26 10:00:00'),
(21,2, 28.00, '2026-02-20 10:00:00');

INSERT INTO Job_Application (StudentID, PositionID, ResumeID, Application_Date, Status, Notes, IsArchived) VALUES
(1, 1, 2, '2026-03-01 09:00:00','Interview Scheduled','Applied through career fair',FALSE),
(1, 2, 2, '2026-03-05 10:30:00','Applied','Online application',FALSE),
(1, 3, 1, '2025-10-10 11:15:00','Rejected','Old cycle application',TRUE),
(2, 4, 4, '2026-02-01 09:00:00','Interview Scheduled','Applied via LinkedIn',FALSE),
(2,17, 5, '2026-02-05 09:00:00','Applied','Online portal',FALSE),
(2, 6, 4, '2026-02-10 09:00:00','Rejected','No feedback received',FALSE),
(3, 5, 6, '2026-02-03 09:00:00','Applied','Referral from professor',FALSE),
(3,13, 6, '2026-02-08 09:00:00','Interview Scheduled','Career fair connection',FALSE),
(4,18, 8, '2026-02-04 09:00:00','Offer Received','Strong interview performance',FALSE),
(4,19, 8, '2026-02-09 09:00:00','Applied','Applied online',FALSE),
(5, 1, 9, '2026-01-20 09:00:00','Offer Received','Early application advantage',FALSE),
(5, 6, 9, '2026-01-25 09:00:00','Interview Scheduled','Referral from alumni',FALSE),
(5,12, 9, '2026-02-01 09:00:00','Applied','Online application',FALSE),
(6, 7,11, '2026-02-06 09:00:00','Applied','Applied through portal',FALSE),
(6,25,11, '2026-02-11 09:00:00','Rejected','Position filled internally',FALSE),
(7, 1,12, '2026-01-28 09:00:00','Interview Scheduled','Referred by career advisor',FALSE),
(7, 8,13, '2026-02-02 09:00:00','Applied','Direct application',FALSE),
(7,11,12, '2026-02-07 09:00:00','Applied','Online portal',FALSE),
(8,20,14, '2026-02-05 09:00:00','Applied','Applied via website',FALSE),
(8,24,14, '2026-02-10 09:00:00','Interview Scheduled','Career fair',FALSE),
(9, 1,15, '2026-01-18 09:00:00','Offer Received','Strong technical background',FALSE),
(9, 6,16, '2026-01-22 09:00:00','Offer Received','Impressive portfolio',FALSE),
(9,12,15, '2026-01-28 09:00:00','Interview Scheduled','Alumni referral',FALSE),
(9,15,15, '2026-02-02 09:00:00','Applied','Online application',FALSE),
(10,16,17,'2026-02-08 09:00:00','Applied','Applied online',FALSE),
(10,19,17,'2026-02-12 09:00:00','Applied','Career fair connection',FALSE),
(11, 1,18,'2026-01-22 09:00:00','Interview Scheduled','Referral from professor',FALSE),
(11, 7,19,'2026-01-28 09:00:00','Applied','Online portal',FALSE),
(11,10,18,'2026-02-03 09:00:00','Applied','Direct application',FALSE),
(12,30,20,'2026-02-10 09:00:00','Applied','Research interest',FALSE),
(13, 5,21,'2026-01-28 09:00:00','Applied','Applied via LinkedIn',FALSE),
(13,13,21,'2026-02-03 09:00:00','Interview Scheduled','Career fair connection',FALSE),
(14,17,22,'2026-01-25 09:00:00','Offer Received','Strong finance background',FALSE),
(14,19,23,'2026-01-30 09:00:00','Interview Scheduled','Alumni referral',FALSE),
(14,25,22,'2026-02-04 09:00:00','Applied','Online application',FALSE),
(15, 1,24,'2026-01-30 09:00:00','Interview Scheduled','Career fair',FALSE),
(15, 8,24,'2026-02-04 09:00:00','Applied','Direct application',FALSE),
(16, 9,25,'2026-02-06 09:00:00','Applied','Online portal',FALSE),
(17,14,26,'2026-01-22 09:00:00','Offer Received','Finance background',FALSE),
(17,17,27,'2026-01-28 09:00:00','Interview Scheduled','Referred by professor',FALSE),
(17,25,26,'2026-02-02 09:00:00','Applied','Online application',FALSE),
(18, 5,28,'2026-02-06 09:00:00','Applied','Applied via portal',FALSE),
(19, 1,29,'2026-01-16 09:00:00','Offer Received','Top candidate',FALSE),
(19, 6,30,'2026-01-20 09:00:00','Offer Received','Outstanding interview',FALSE),
(19,11,29,'2026-01-25 09:00:00','Interview Scheduled','Alumni referral',FALSE),
(19,15,29,'2026-01-30 09:00:00','Applied','Online application',FALSE),
(20,31,31,'2026-02-12 09:00:00','Applied','Research assistant interest',FALSE),
(21, 7,32,'2026-01-28 09:00:00','Applied','Online portal',FALSE),
(21,17,33,'2026-02-02 09:00:00','Interview Scheduled','Career fair',FALSE),
(1, 5, 1, '2025-09-01 09:00:00','Rejected','Previous cycle',TRUE),
(5, 9, 9, '2025-09-10 09:00:00','Rejected','Previous cycle',TRUE),
(9, 10,15, '2025-09-15 09:00:00','Rejected','Previous cycle',TRUE),
(14, 12,22,'2025-09-25 09:00:00','Rejected','Previous cycle',TRUE),
(19, 13,29,'2025-10-01 09:00:00','Rejected','Previous cycle',TRUE);

INSERT INTO Interview (ApplicationID, Date_Time, Type, WeekReported, RecruiterFeedback) VALUES
(1, '2026-03-15 14:00:00','Technical', '2026-03-15 00:00:00','Strong coding skills'),
(1, '2026-03-22 15:30:00','Behavioral', '2026-03-22 00:00:00','Great communication'),
(4, '2026-02-15 10:00:00','Technical', '2026-02-15 00:00:00','Strong problem solving'),
(8, '2026-02-18 14:00:00','Behavioral', '2026-02-18 00:00:00','Great communication skills'),
(11,'2026-02-10 11:00:00','Technical', '2026-02-10 00:00:00','Excellent coding ability'),
(11,'2026-02-17 14:00:00','Final Round', '2026-02-17 00:00:00','Outstanding candidate'),
(12,'2026-02-12 10:00:00','Technical', '2026-02-12 00:00:00','Good technical foundation'),
(16,'2026-02-08 13:00:00','Technical', '2026-02-08 00:00:00','Solid engineering skills'),
(20,'2026-02-14 11:00:00','Behavioral', '2026-02-14 00:00:00','Strong leadership potential'),
(21,'2026-02-05 10:00:00','Technical', '2026-02-05 00:00:00','Exceptional problem solver'),
(21,'2026-02-12 14:00:00','System Design', '2026-02-12 00:00:00','Strong architecture knowledge'),
(21,'2026-02-19 10:00:00','Final Round', '2026-02-19 00:00:00','Top candidate this cycle'),
(22,'2026-02-07 11:00:00','Technical', '2026-02-07 00:00:00','Impressive portfolio'),
(22,'2026-02-14 14:00:00','Final Round', '2026-02-14 00:00:00','Excellent all-around candidate'),
(23,'2026-02-09 10:00:00','Technical', '2026-02-09 00:00:00','Strong CS fundamentals'),
(27,'2026-02-06 13:00:00','Technical', '2026-02-06 00:00:00','Good engineering approach'),
(27,'2026-02-13 11:00:00','Behavioral', '2026-02-13 00:00:00','Great team player'),
(32,'2026-02-10 14:00:00','Technical', '2026-02-10 00:00:00','Strong finance knowledge'),
(33,'2026-02-08 10:00:00','Behavioral', '2026-02-08 00:00:00','Good presentation skills'),
(34,'2026-02-12 13:00:00','Technical', '2026-02-12 00:00:00','Solid financial modeling'),
(36,'2026-02-11 10:00:00','Technical', '2026-02-11 00:00:00','Good engineering background'),
(36,'2026-02-18 14:00:00','Final Round', '2026-02-18 00:00:00','Strong overall candidate'),
(39,'2026-02-06 10:00:00','Technical', '2026-02-06 00:00:00','Finance background stands out'),
(39,'2026-02-13 14:00:00','Final Round', '2026-02-13 00:00:00','Excellent candidate'),
(40,'2026-02-08 11:00:00','Technical', '2026-02-08 00:00:00','Strong consulting potential'),
(43,'2026-01-25 10:00:00','Technical', '2026-01-25 00:00:00','Top candidate this cycle'),
(43,'2026-02-01 14:00:00','System Design','2026-02-01 00:00:00','Exceptional systems knowledge'),
(43,'2026-02-08 10:00:00','Final Round', '2026-02-08 00:00:00','Best candidate this cycle'),
(44,'2026-01-28 11:00:00','Technical', '2026-01-28 00:00:00','Strong engineering skills'),
(44,'2026-02-04 14:00:00','Final Round', '2026-02-04 00:00:00','Outstanding performance'),
(45,'2026-02-02 10:00:00','Technical', '2026-02-02 00:00:00','Good problem solving'),
(49,'2026-02-09 13:00:00','Behavioral', '2026-02-09 00:00:00','Good consulting mindset'),
(50,'2026-02-08 10:00:00','Technical', '2026-02-08 00:00:00','Strong CS background'),
(50,'2026-02-15 14:00:00','Final Round', '2026-02-15 00:00:00','Impressive candidate'),
(53,'2026-02-15 10:00:00','Technical', '2026-02-15 00:00:00','Good finance instincts'),
(54,'2026-02-08 13:00:00','Technical', '2026-02-08 00:00:00','Strong background'),
(54,'2026-02-15 10:00:00','Final Round', '2026-02-15 00:00:00','Top finance candidate'),
(8, '2026-02-20 11:00:00','Technical', '2026-02-20 00:00:00','Great iOS knowledge'),
(19,'2026-02-22 14:00:00','Behavioral', '2026-02-22 00:00:00','Good data background'),
(32,'2026-02-12 10:00:00','Final Round', '2026-02-12 00:00:00','Excellent finance candidate'),
(16,'2026-02-22 14:00:00','Behavioral', '2026-02-22 00:00:00','Good healthcare awareness'),
(27,'2026-02-10 10:00:00','Technical', '2026-02-10 00:00:00','Solid data background'),
(35,'2026-02-08 13:00:00','Technical', '2026-02-08 00:00:00','Strong engineering approach'),
(38,'2026-02-10 10:00:00','Technical', '2026-02-10 00:00:00','Impressive finance knowledge'),
(38,'2026-02-17 14:00:00','Final Round', '2026-02-17 00:00:00','Outstanding finance candidate'),
(46,'2026-02-08 11:00:00','Technical', '2026-02-08 00:00:00','Great engineering skills'),
(49,'2026-02-14 10:00:00','Technical', '2026-02-14 00:00:00','Strong CS fundamentals'),
(51,'2026-02-12 13:00:00','Technical', '2026-02-12 00:00:00','Good engineering knowledge'),
(52,'2026-02-10 10:00:00','Behavioral', '2026-02-10 00:00:00','Impressive consulting skills');

INSERT INTO Job_Offer (ApplicationID, Salary, Deadline, Location, Benefits, StartDate, DateExtended, DateAccepted, TimeToOfferWeeks, OfferAccepted) VALUES
(1, 28.00,'2026-04-15 23:59:59','Mountain View, CA', 'Housing stipend, Free meals', '2026-07-07 09:00:00','2026-04-01 09:00:00',NULL, 4,NULL),
(9, 45.00,'2026-03-15 23:59:59','New York, NY', 'Health insurance, 401k', '2026-07-06 09:00:00','2026-03-01 09:00:00',NULL, 4,NULL),
(11,52.00,'2026-03-10 23:59:59','Seattle, WA', 'Housing stipend, free meals, gym', '2026-07-07 09:00:00','2026-02-24 09:00:00','2026-03-05 09:00:00',5,TRUE),
(21,55.00,'2026-03-20 23:59:59','Mountain View, CA', 'Housing stipend, free meals, gym', '2026-07-07 09:00:00','2026-03-05 09:00:00',NULL, 6,NULL),
(22,50.00,'2026-03-18 23:59:59','Mountain View, CA', 'Housing stipend, free meals', '2026-07-07 09:00:00','2026-03-03 09:00:00','2026-03-10 09:00:00',6,FALSE),
(33,48.00,'2026-03-12 23:59:59','New York, NY', 'Health insurance, 401k, gym', '2026-07-07 09:00:00','2026-02-26 09:00:00','2026-03-08 09:00:00',4,TRUE),
(39,46.00,'2026-03-14 23:59:59','New York, NY', 'Health insurance, 401k', '2026-07-07 09:00:00','2026-02-28 09:00:00',NULL, 5,NULL),
(43,58.00,'2026-03-22 23:59:59','Seattle, WA', 'Housing stipend, free meals, gym', '2026-07-07 09:00:00','2026-03-08 09:00:00','2026-03-15 09:00:00',7,TRUE),
(44,54.00,'2026-03-19 23:59:59','Mountain View, CA', 'Housing stipend, free meals', '2026-07-07 09:00:00','2026-03-04 09:00:00','2026-03-12 09:00:00',6,TRUE),
(54,44.00,'2026-03-16 23:59:59','New York, NY', 'Health insurance, 401k', '2026-07-07 09:00:00','2026-03-02 09:00:00',NULL, 5,NULL);

INSERT INTO Reminder (ApplicationID, Description, DueDate) VALUES
(1, 'Follow up on Google offer', '2026-04-10 09:00:00'),
(2, 'Check application portal status', '2026-03-20 09:00:00'),
(4, 'Follow up on interview feedback', '2026-02-20 09:00:00'),
(5, 'Check application portal for updates', '2026-02-15 09:00:00'),
(7, 'Send thank you note to interviewer', '2026-02-12 09:00:00'),
(8, 'Respond to offer before deadline', '2026-03-08 09:00:00'),
(9, 'Prepare for second round interview', '2026-02-16 09:00:00'),
(10,'Follow up with recruiter', '2026-02-18 09:00:00'),
(11,'Check application status online', '2026-02-20 09:00:00'),
(12,'Prepare technical interview questions', '2026-02-07 09:00:00'),
(13,'Submit code sample as requested', '2026-02-10 09:00:00'),
(14,'Send portfolio link to recruiter', '2026-02-14 09:00:00'),
(15,'Complete online assessment', '2026-02-08 09:00:00'),
(16,'Prepare for behavioral interview', '2026-02-13 09:00:00'),
(17,'Review system design concepts', '2026-02-04 09:00:00'),
(18,'Prepare final round presentation', '2026-02-13 09:00:00'),
(19,'Follow up on technical round', '2026-02-11 09:00:00'),
(20,'Send updated resume to recruiter', '2026-02-09 09:00:00'),
(21,'Complete take-home assignment', '2026-02-15 09:00:00'),
(22,'Confirm interview time with recruiter', '2026-02-05 09:00:00'),
(23,'Review data structures and algorithms', '2026-02-05 09:00:00'),
(24,'Prepare for product case interview', '2026-01-27 09:00:00'),
(25,'Follow up on application status', '2026-02-10 09:00:00'),
(26,'Research company before interview', '2026-02-12 09:00:00'),
(27,'Complete online aptitude test', '2026-02-06 09:00:00'),
(28,'Prepare for finance case interview', '2026-02-09 09:00:00'),
(29,'Send references to hiring manager', '2026-02-07 09:00:00'),
(30,'Review financial modeling concepts', '2026-02-11 09:00:00'),
(31,'Confirm offer details with recruiter', '2026-02-06 09:00:00'),
(32,'Prepare technical coding questions', '2026-02-10 09:00:00'),
(33,'Follow up on interview outcome', '2026-02-15 09:00:00'),
(34,'Research hardware engineering role', '2026-02-08 09:00:00'),
(35,'Prepare for final round interview', '2026-02-09 09:00:00'),
(36,'Send follow-up email after interview', '2026-02-14 09:00:00'),
(37,'Complete consulting case preparation', '2026-02-10 09:00:00'),
(38,'Confirm start date with HR', '2026-02-14 09:00:00'),
(39,'Prepare system design interview', '2026-01-31 09:00:00'),
(40,'Review final round preparation', '2026-02-03 09:00:00'),
(41,'Follow up on technical round feedback', '2026-02-04 09:00:00'),
(42,'Complete background check paperwork', '2026-02-10 09:00:00'),
(43,'Review Amazon leadership principles', '2026-02-07 09:00:00'),
(44,'Prepare for final round at Amazon', '2026-02-14 09:00:00'),
(45,'Research aerospace engineering role', '2026-02-05 09:00:00'),
(46,'Follow up on Goldman application', '2026-02-16 09:00:00'),
(47,'Prepare for BlackRock interview', '2026-02-07 09:00:00'),
(48,'Confirm offer decision deadline', '2026-03-10 09:00:00'),
(49,'Prepare consulting case interview', '2026-02-13 09:00:00'),
(50,'Research offer details', '2026-03-15 09:00:00'),
(51,'Follow up on Deloitte application', '2026-02-20 09:00:00'),
(52,'Prepare for McKinsey interview', '2026-02-15 09:00:00');

INSERT INTO Note (ApplicationID, Note_Text, Created_At) VALUES
(1, 'Met recruiter at career fair - mentioned AI research', '2026-03-01 09:30:00'),
(2, 'Applied online, no referral', '2026-03-05 10:35:00'),
(4, 'Recruiter mentioned strong team culture', '2026-02-01 10:00:00'),
(5, 'Applied through university job board', '2026-02-05 10:00:00'),
(7, 'Referral from Professor Smith strong connection', '2026-01-28 10:00:00'),
(8, 'Hiring manager seemed very interested','2026-02-18 15:00:00'),
(9, 'Offer includes housing stipend very competitive', '2026-02-24 10:00:00'),
(10,'Position has strong growth opportunities', '2026-02-04 10:00:00'),
(11,'Second round scheduled prepare system design', '2026-02-17 15:00:00'),
(12,'Recruiter said decision in 2 weeks', '2026-02-12 10:00:00'),
(13,'Role involves ML engineering work', '2026-02-06 10:00:00'),
(14,'Position filled before interview reapply next cycle', '2026-02-11 10:00:00'),
(15,'iOS role requires Swift experience need to prepare', '2026-02-02 10:00:00'),
(16,'Healthcare data analytics interesting opportunity', '2026-02-05 10:00:00'),
(17,'Behavioral interview went very well', '2026-02-14 15:00:00'),
(18,'Technical round was challenging but went well', '2026-02-05 15:00:00'),
(19,'Final round scheduled top candidate according to HR', '2026-02-14 15:00:00'),
(20,'Applied as backup option less preferred role', '2026-02-02 10:00:00'),
(21,'PM role requires product sense prepare accordingly', '2026-01-22 10:00:00'),
(22,'Loved the company culture during campus event', '2026-01-28 10:00:00'),
(23,'Oracle recruiter reached out directly via LinkedIn', '2026-02-03 10:00:00'),
(24,'Strong technical round waiting for decision', '2026-02-13 15:00:00'),
(25,'Finance role strong match for major', '2026-01-25 10:00:00'),
(26,'Stripe is a top choice very excited about this one', '2026-01-30 10:00:00'),
(27,'Recruiter from Palantir reached out at career fair', '2026-02-07 10:00:00'),
(28,'Databricks is fast-growing great opportunity', '2026-02-03 10:00:00'),
(29,'JPMorgan IB role highly competitive process', '2026-02-08 15:00:00'),
(30,'Research role at MIT good for grad school later', '2026-02-10 10:00:00'),
(31,'Applied via LinkedIn no referral', '2026-01-28 10:00:00'),
(32,'Morgan Stanley interview scheduled for next week', '2026-02-08 10:00:00'),
(33,'JPMorgan offer received need to compare with others', '2026-02-26 10:00:00'),
(34,'Amazon technical interview prep underway', '2026-01-30 10:00:00'),
(35,'Apple interview strong iOS background needed', '2026-02-04 10:00:00'),
(36,'Netflix role aligns well with career goals', '2026-02-06 10:00:00'),
(37,'BlackRock final round very competitive', '2026-02-09 15:00:00'),
(38,'Consulting role at Fidelity finance meets strategy', '2026-02-14 10:00:00'),
(39,'Deloitte consulting role solid backup option', '2026-02-08 10:00:00'),
(40,'Accenture good culture fit from research', '2026-02-02 10:00:00'),
(41,'Amazon final round best candidate per recruiter', '2026-02-08 15:00:00'),
(42,'Meta offer received deciding between Meta and Amazon','2026-02-04 15:00:00'),
(43,'Background check in progress offer pending', '2026-02-08 10:00:00'),
(44,'Harvard research good experience for grad school', '2026-02-12 10:00:00'),
(45,'Meta PM role dream job fingers crossed', '2026-01-28 10:00:00'),
(46,'McKinsey extremely competitive need heavy prep', '2026-02-09 10:00:00'),
(47,'Amazon behavioral interview prep in progress', '2026-02-08 10:00:00'),
(48,'Amazon final round very promising feedback', '2026-02-15 15:00:00'),
(49,'BCG consulting role very selective process', '2026-02-13 10:00:00'),
(50,'Goldman IB high pressure but great learning experience', '2026-02-15 10:00:00'),
(51,'BlackRock offer strong compensation package', '2026-02-07 10:00:00'),
(52,'Accepted BlackRock offer great decision', '2026-03-07 10:00:00');

INSERT INTO Service_Component (Component_Name, Component_Type, Current_Status, Last_Checked_At) VALUES
('Database', 'Infrastructure', 'Operational', '2026-04-06 12:00:00'),
('REST API', 'Service', 'Operational', '2026-04-06 12:00:00'),
('Notifications', 'Service', 'Degraded', '2026-04-06 12:00:00');

INSERT INTO Error_Log (Error_Type, Occurred_At, Status, Severity, Message, ComponentID) VALUES
('Connection Timeout', '2026-04-05 14:30:00', 'Resolved','Medium', 'Database connection timeout', 1),
('API Rate Limit', '2026-04-06 09:15:00', 'Unresolved', 'Low', 'Rate limit exceeded', 2),
('Email Failure', '2026-04-06 10:45:00', 'Unresolved', 'High', 'Reminder email delivery failed', 3),
('Query Timeout', NOW() - INTERVAL 1 HOUR, 'Unresolved', 'High', 'Slow query on Job_Application table', 1),
('API Timeout', NOW() - INTERVAL 2 HOUR, 'Unresolved', 'High', 'Flask API response exceeded 5 seconds', 2),
('DB Connection', NOW() - INTERVAL 3 HOUR, 'Resolved', 'High', 'MySQL connection pool exhausted', 1),
('Email Bounce', NOW() - INTERVAL 4 HOUR, 'Resolved', 'Low', 'Notification email bounced for user 12', 3),
('API Rate Exceeded', NOW() - INTERVAL 5 HOUR, 'Resolved', 'Low', 'Third party API rate limit reached', 2),
('Query Error', NOW() - INTERVAL 6 HOUR, 'Resolved', 'Medium', 'Malformed query in analytics route', 1),
('DB Slow Query', NOW() - INTERVAL 7 HOUR, 'Resolved', 'Medium', 'Unindexed query on Student_Industry table', 1),
('API Error 500', NOW() - INTERVAL 8 HOUR, 'Resolved', 'High', 'Internal server error on analytics funnel', 2),
('Email Delay', NOW() - INTERVAL 9 HOUR, 'Resolved', 'Low', 'Reminder emails delayed by 30 minutes', 3),
('DB Deadlock', NOW() - INTERVAL 10 HOUR, 'Resolved', 'High', 'Deadlock detected on Job_Application table',1),
('API Crash',  NOW() - INTERVAL 11 HOUR, 'Resolved', 'High', 'Flask API process crashed and restarted', 2),
('Email Service Down', NOW() - INTERVAL 12 HOUR, 'Resolved', 'High', 'Notifications service unavailable 1 hour', 3),
('DB Backup Failed', NOW() - INTERVAL 24 HOUR, 'Resolved', 'Medium', 'Scheduled database backup did not complete',1),
('API Downtime', NOW() - INTERVAL 36 HOUR, 'Resolved', 'High', 'REST API unreachable for 15 minutes', 2),
('Email Failure', NOW() - INTERVAL 48 HOUR, 'Resolved', 'Medium', 'Bulk email delivery partially failed', 3);

INSERT INTO Health_Metric (Metric_Name, Metric_Value, Metric_Unit, Recorded_At, ComponentID) VALUES
('Response Time', 154.25,'ms', '2026-04-06 12:00:00', 2),
('Active Connections', 45.00,'count', '2026-04-06 12:00:00', 1),
('Delivery Success Rate', 92.50,'%', '2026-04-06 12:00:00', 3),
('Uptime', 99.20,'%', NOW(), 1),
('Response Time', 142.00,'ms', NOW() - INTERVAL 1 HOUR, 2),
('Active Connections', 38.00,'count', NOW() - INTERVAL 1 HOUR, 1),
('Delivery Success Rate', 95.00,'%', NOW() - INTERVAL 1 HOUR, 3),
('Response Time', 168.00,'ms', NOW() - INTERVAL 2 HOUR, 2),
('Active Connections', 42.00,'count', NOW() - INTERVAL 2 HOUR, 1),
('Response Time', 155.00,'ms', NOW() - INTERVAL 3 HOUR, 2),
('Response Time', 145.00,'ms', NOW() - INTERVAL 4 HOUR, 2),
('Response Time', 158.00,'ms', NOW() - INTERVAL 5 HOUR, 2),
('Response Time', 172.00,'ms', NOW() - INTERVAL 6 HOUR, 2),
('Active Connections', 50.00,'count', NOW() - INTERVAL 3 HOUR, 1),
('Active Connections', 55.00,'count', NOW() - INTERVAL 4 HOUR, 1),
('Uptime', 99.10,'%',     NOW() - INTERVAL 1 HOUR,  1),
('Uptime', 98.90,'%',     NOW() - INTERVAL 2 HOUR, 1),
('Delivery Success Rate', 93.00,'%', NOW() - INTERVAL 2 HOUR, 3),
('Delivery Success Rate', 97.00,'%', NOW() - INTERVAL 3 HOUR, 3),
('Response Time', 160.00,'ms',NOW() - INTERVAL 7 HOUR, 2),
('Active Connections', 48.00,'count', NOW() - INTERVAL 5 HOUR, 1),
('Uptime', 99.30,'%',NOW() - INTERVAL 3 HOUR, 1);

INSERT INTO Data_Correction (UserID, Correction_Type, Correction_Date, Old_Value, New_Value, CorrectedByUserID) VALUES
(1, 'GPA Update', '2026-03-10 15:00:00', '3.70','3.75', 2),
(1, 'Application Status Correction', '2026-03-18 16:30:00', 'Applied','Interview Scheduled', 4),
(5, 'Application Status Correction', NOW() - INTERVAL 10 DAY, 'Applied','Interview Scheduled', 4),
(6, 'GPA Update',  NOW() - INTERVAL 9 DAY, '3.60','3.65',  2),
(7, 'Application Status Correction', NOW() - INTERVAL 8 DAY, 'Applied','Rejected', 4),
(8, 'Email Update', NOW() - INTERVAL 8 DAY,  'old.email@bu.edu','sophie.williams@bu.edu',4),
(9, 'Offer Status Correction', NOW() - INTERVAL 7 DAY, 'NULL','TRUE', 4),
(10,'GPA Update',  NOW() - INTERVAL 7 DAY, '3.35','3.40', 2),
(11,'Application Status Correction', NOW() - INTERVAL 6 DAY, 'Applied','Interview Scheduled',  4),
(12,'Major Update', NOW() - INTERVAL 6 DAY, 'Computer Science','Mathematics',  4),
(13,'GPA Update', NOW() - INTERVAL 5 DAY, '3.55','3.60', 2),
(14,'Offer Status Correction', NOW() - INTERVAL 5 DAY, 'NULL','TRUE', 4),
(15,'Application Status Correction', NOW() - INTERVAL 4 DAY, 'Rejected','Interview Scheduled', 4),
(16,'Email Update', NOW() - INTERVAL 4 DAY, 'old@gatech.edu','mia.harris@gatech.edu',4),
(17,'GPA Update', NOW() - INTERVAL 3 DAY, '3.75','3.80', 2),
(18,'Application Status Correction', NOW() - INTERVAL 3 DAY, 'Applied','Interview Scheduled',  4),
(19,'Offer Status Correction', NOW() - INTERVAL 2 DAY, 'NULL','TRUE', 4),
(20,'Major Update', NOW() - INTERVAL 2 DAY, 'Business Admin','Psychology', 4),
(21,'GPA Update', NOW() - INTERVAL 1 DAY, '3.60','3.65', 2),
(22,'Application Status Correction', NOW() - INTERVAL 1 DAY, 'Applied','Interview Scheduled',  4),
(23,'Email Update', NOW(), 'old@cmu.edu','mason.clark@cmu.edu',4),
(24,'Offer Status Correction', NOW(), 'NULL','TRUE', 4),
(5, 'GPA Update', NOW() - INTERVAL 15 DAY, '3.75','3.80', 2),
(9, 'Application Status Correction', NOW() - INTERVAL 14 DAY, 'Applied','Offer Received', 4),
(11,'GPA Update', NOW() - INTERVAL 13 DAY, '3.70','3.75', 4),
(14,'Application Status Correction', NOW() - INTERVAL 12 DAY, 'Applied','Offer Received', 4),
(17,'Offer Status Correction', NOW() - INTERVAL 11 DAY, 'NULL','TRUE', 4),
(19,'GPA Update', NOW() - INTERVAL 10 DAY, '3.90','3.95', 2),
(24,'Application Status Correction', NOW() - INTERVAL 9 DAY,  'Applied','Offer Received', 4),
(7, 'GPA Update',  NOW() - INTERVAL 8 DAY, '3.45','3.50', 2);
